stdcategory1,stdcategory2,stdcategory3,,,,,,,,,,,,,,,,,
存储类,存储类-其他,存储类-其他,,,,,,,,,,,,,,,,,
存储类,读卡器,读卡器,,,,,,,,,,,,,,,,,
存储类,拓展坞,拓展坞,,,,,,,,,,,,,,,,,
存储类,硬盘柜,硬盘柜,,,,,,,,,,,,,,,,,
存储类,硬盘盒,硬盘盒,,,,,,,,,,,,,,,,,
存储类,移动固态硬盘,移动固态硬盘,,,,,,,,,,,,,,,,,
灯光类,COB补光灯,COB补光灯,,,,,,,,,,,,,,,,,
灯光类,棒灯,棒灯,,,,,,,,,,,,,,,,,
灯光类,充气灯,充气灯,,,,,,,,,,,,,,,,,
灯光类,灯光类-其他,灯光类-其他,,,,,,,,,,,,,,,,,
灯光类,环形灯,环形灯,,,,,,,,,,,,,,,,,
灯光类,口袋灯,口袋灯,,,,,,,,,,,,,,,,,
灯光类,平板灯,平板灯,,,,,,,,,,,,,,,,,
灯光类,闪光灯,闪光灯,,,,,,,,,,,,,,,,,
灯光类,摄影手电,摄影手电,,,,,,,,,,,,,,,,,
灯光类,手机便携补光灯,手机便携补光灯,,,,,,,,,,,,,,,,,
灯光类,运动相机补光灯,运动相机补光灯,,,,,,,,,,,,,,,,,
供电类,电池,电池,,,,,,,,,,,,,,,,,
供电类,供电手柄,供电手柄,,,,,,,,,,,,,,,,,
脚架类,手机脚架,手机脚架,,,,,,,,,,,,,,,,,
脚架类,相机脚架,相机脚架,,,,,,,,,,,,,,,,,
脚架类,运动相机脚架,运动相机脚架,,,,,,,,,,,,,,,,,
配件类,配件类-其他,配件类-其他,,,,,,,,,,,,,,,,,
配件类,手持云台,手持云台,,,,,,,,,,,,,,,,,
配件类,手机配件,手机l板,,,,,,,,,,,,,,,,,
配件类,手机配件,手机保护壳,,,,,,,,,,,,,,,,,
配件类,手机配件,手机大力夹,,,,,,,,,,,,,,,,,
配件类,手机配件,手机底座,,,,,,,,,,,,,,,,,
配件类,手机配件,手机防水壳,,,,,,,,,,,,,,,,,
配件类,手机配件,手机怪手,,,,,,,,,,,,,,,,,
配件类,手机配件,手机滑轨,,,,,,,,,,,,,,,,,
配件类,手机配件,手机夹/监视器支架,,,,,,,,,,,,,,,,,
配件类,手机配件,手机镜头,,,,,,,,,,,,,,,,,
配件类,手机配件,手机快装板,,,,,,,,,,,,,,,,,
配件类,手机配件,手机滤镜,,,,,,,,,,,,,,,,,
配件类,手机配件,手机散热器,,,,,,,,,,,,,,,,,
配件类,手机配件,手机兔笼/拓展框,,,,,,,,,,,,,,,,,
配件类,手机配件,手机遥控器,,,,,,,,,,,,,,,,,
配件类,手机配件,手机助拍器/手柄,,,,,,,,,,,,,,,,,
配件类,手机配件,手机配件类-其他,,,,,,,,,,,,,,,,,
配件类,相机配件,背包快挂,,,,,,,,,,,,,,,,,
配件类,相机配件,相机l板,,,,,,,,,,,,,,,,,
配件类,相机配件,相机保护壳,,,,,,,,,,,,,,,,,
配件类,相机配件,相机大力夹,,,,,,,,,,,,,,,,,
配件类,相机配件,相机底座,,,,,,,,,,,,,,,,,
配件类,相机配件,相机防水壳,,,,,,,,,,,,,,,,,
配件类,相机配件,相机怪手,,,,,,,,,,,,,,,,,
配件类,相机配件,相机滑轨,,,,,,,,,,,,,,,,,
配件类,相机配件,相机快装板,,,,,,,,,,,,,,,,,
配件类,相机配件,相机滤镜,,,,,,,,,,,,,,,,,
配件类,相机配件,相机散热器,,,,,,,,,,,,,,,,,
配件类,相机配件,相机兔笼/拓展框,,,,,,,,,,,,,,,,,
配件类,相机配件,相机遥控器,,,,,,,,,,,,,,,,,
配件类,相机配件,相机助拍器/手柄,,,,,,,,,,,,,,,,,
配件类,相机配件,转接环,,,,,,,,,,,,,,,,,
配件类,相机配件,相机配件类-其他,,,,,,,,,,,,,,,,,
配件类,运动相机配件,运动相机l板,,,,,,,,,,,,,,,,,
配件类,运动相机配件,运动相机保护壳,,,,,,,,,,,,,,,,,
配件类,运动相机配件,运动相机大力夹,,,,,,,,,,,,,,,,,
配件类,运动相机配件,运动相机底座,,,,,,,,,,,,,,,,,
配件类,运动相机配件,运动相机防水壳,,,,,,,,,,,,,,,,,
配件类,运动相机配件,运动相机怪手,,,,,,,,,,,,,,,,,
配件类,运动相机配件,运动相机滑轨,,,,,,,,,,,,,,,,,
配件类,运动相机配件,运动相机快装板,,,,,,,,,,,,,,,,,
配件类,运动相机配件,运动相机滤镜,,,,,,,,,,,,,,,,,
配件类,运动相机配件,运动相机兔笼/拓展框,,,,,,,,,,,,,,,,,
配件类,运动相机配件,运动相机遥控器,,,,,,,,,,,,,,,,,
配件类,运动相机配件,运动相机助拍器/手柄,,,,,,,,,,,,,,,,,
配件类,运动相机配件,运动相机散热器,,,,,,,,,,,,,,,,,
配件类,运动相机配件,运动相机配件类-其他,,,,,,,,,,,,,,,,,
其他,暴力风扇,暴力风扇,,,,,,,,,,,,,,,,,
其他,清洁工具,清洁工具,,,,,,,,,,,,,,,,,
其他,图传/监视器,图传/监视器,,,,,,,,,,,,,,,,,
其他,烟雾机,烟雾机,,,,,,,,,,,,,,,,,
箱包带类,包类,单肩包,,,,,,,,,,,,,,,,,
箱包带类,包类,脚架包,,,,,,,,,,,,,,,,,
箱包带类,包类,镜头包,,,,,,,,,,,,,,,,,
箱包带类,包类,内胆包,,,,,,,,,,,,,,,,,
箱包带类,包类,收纳包,,,,,,,,,,,,,,,,,
箱包带类,包类,双肩包,,,,,,,,,,,,,,,,,
箱包带类,带类,肩带,,,,,,,,,,,,,,,,,
箱包带类,带类,腕带,,,,,,,,,,,,,,,,,
箱包带类,箱包带类-其他,箱包带类-其他,,,,,,,,,,,,,,,,,
音视频类,导播台,导播台,,,,,,,,,,,,,,,,,
音视频类,对讲,对讲,,,,,,,,,,,,,,,,,
音视频类,耳机,耳机,,,,,,,,,,,,,,,,,
音视频类,麦克风,枪型麦克风,,,,,,,,,,,,,,,,,
音视频类,麦克风,无线麦克风,,,,,,,,,,,,,,,,,
音视频类,麦克风,有线麦克风,,,,,,,,,,,,,,,,,
音视频类,声卡,声卡,,,,,,,,,,,,,,,,,
音视频类,音视频类-其他,音视频类-其他,,,,,,,,,,,,,,,,,
音视频类,自拍屏,自拍屏,,,,,,,,,,,,,,,,,
脚架类,灯架,灯架,,,,,,,,,,,,,,,,,
支架类,非汽车支架,壁挂支架,,,,,,,,,,,,,,,,,
支架类,非汽车支架,床头支架,,,,,,,,,,,,,,,,,
支架类,非汽车支架,磁吸支架,,,,,,,,,,,,,,,,,
支架类,非汽车支架,俯拍支架,,,,,,,,,,,,,,,,,
支架类,非汽车支架,挂脖/胸前支架,,,,,,,,,,,,,,,,,
支架类,非汽车支架,落地支架,,,,,,,,,,,,,,,,,
支架类,非汽车支架,麦克风支架,,,,,,,,,,,,,,,,,
支架类,非汽车支架,骑行支架,,,,,,,,,,,,,,,,,
支架类,非汽车支架,气囊支架,,,,,,,,,,,,,,,,,
支架类,非汽车支架,头戴支架,,,,,,,,,,,,,,,,,
支架类,非汽车支架,指环扣支架,,,,,,,,,,,,,,,,,
支架类,非汽车支架,桌面支架,,,,,,,,,,,,,,,,,
支架类,非汽车支架,旅行支架,,,,,,,,,,,,,,,,,
支架类,汽车支架,车载支架,,,,,,,,,,,,,,,,,
支架类,支架类-其他,支架类-其他,,,,,,,,,,,,,,,,,
智能工作室类,宏键盘,宏键盘,,,,,,,,,,,,,,,,,
智能工作室类,提词器,提词器,,,,,,,,,,,,,,,,,